<?xml version="1.0" encoding="UTF-8"?>
<beans:beans xmlns="http://www.springframework.org/schema/mvc"
			 xmlns:xsi="http://www.w3.org/2001/XMLSchema-instance"
			 xmlns:beans="http://www.springframework.org/schema/beans"
			 xmlns:context="http://www.springframework.org/schema/context"
			 xsi:schemaLocation="http://www.springframework.org/schema/mvc https://www.springframework.org/schema/mvc/spring-mvc.xsd
		http://www.springframework.org/schema/beans https://www.springframework.org/schema/beans/spring-beans.xsd
		http://www.springframework.org/schema/context https://www.springframework.org/schema/context/spring-context.xsd">

	<!-- DispatcherServlet Context: defines this servlet's request-processing infrastructure -->

	<!-- Enables the Spring MVC @Controller programming model -->
	<annotation-driven />

	<!-- Handles HTTP GET requests for /resources/** by efficiently serving up static resources in the ${webappRoot}/resources directory -->
	<!--
        요걸 아래꺼로 바꾸기
     <resources mapping="/resources/**" location="/resources/" /> -->
	<resources mapping="/**" location="/resources/" />

	<!-- Resolves views selected for rendering by @Controllers to .jsp resources in the /WEB-INF/views directory -->
	<beans:bean class="org.springframework.web.servlet.view.InternalResourceViewResolver">
		<beans:property name="prefix" value="/WEB-INF/views/" />
		<beans:property name="suffix" value=".jsp" />
	</beans:bean>


	<!-- view-controller 은 GET 요청만 가능 -->
	<!-- <view-controller path="/register/add22" view-name="Ex22_회원가입_form"/> -->


	<context:component-scan base-package="com.bitstudy.app" />


	<!--메세지 소스 등록-->
	<!--	<beans:bean id="messageSource" class="org.springframework.context.support.ResourceBundleMessageSource">-->
	<beans:bean id="messageSource" class="org.springframework.context.support.ReloadableResourceBundleMessageSource">
		<beans:property name="basenames">
			<beans:list>
				<beans:value>error_message</beans:value> <!-- /src/main/resources/error_message.properties -->
			</beans:list>
		</beans:property>
		<beans:property name="defaultEncoding" value="UTF-8"/>
	</beans:bean>

	<!-- 이거 있으면 homeController 없어도 / 들어오면 index.jsp 파일 보여줌-->
<!--	<view-controller path="/" view-name="index"/>-->
</beans:beans>






